l_english;
######COUNTRIES######;
REB;Rebels
REB_ADJ;Rebel
PIR;Pirates
PIR_ADJ;Pirate
BAR;Barbarians
BAR_ADJ;Barbarian
MER;Mercenaries
MER_ADJ;Mercenary
#;
#BarbarianNamesbelow..;
#;
#GERMANIC;
#;
AMBRONES;Ambronia
AMBRONES_ADJ;Ambronic
ANGLII;Anglia
ANGLII_ADJ;Anglic
ANGRIVARII;Angrivaria
ANGRIVARII_ADJ;Angrivaric
AUIONES;Auionia
AUIONES_ADJ;Auionian
BATAVI;Batavia
BATAVI_ADJ;Batavian
BRUCTERI;Bructeria
BRUCTERI_ADJ;Bructerian
CALUCONES;Caluconia
CALUCONES_ADJ;Caluconian
CHATTI;Chattia
CHATTI_ADJ;Chattian
CHAUCI;Chaucia
CHAUCI_ADJ;Chaucian
CHERUSCI;Cheruscia
CHERUSCI_ADJ;Cheruscian
CIMBRI;Cimbria
CIMBRI_ADJ;Cimbrian
DULGUMNII;Dulgumnia
DULGUMNII_ADJ;Dulgumnian
FRISII;Frisia
FRISII_ADJ;Frisian
HERMUNDURI;Hermunduria
HERMUNDURI_ADJ;Hermundurian
INGVAEONES;Ingvaeonia
INGVAEONES_ADJ;Ingvaeonic
MARCOMANNI;Marcomannia
MARCOMANNI_ADJ;Marcomannian
LANGOBARDI;Langobardia
LANGOBARDI_ADJ;Langobardian
LUGII;Lugia
LUGII_ADJ;Lugian
QUADI;Quadia
QUADI_ADJ;Quadian
SEMNONES;Semnonia
SEMNONES_ADJ;Semnonian
SUGAMBRI;Sugambria
SUGAMBRI_ADJ;Sugambrian
TENCTERI;Tencteria
TENCTERI_ADJ;Tencterian
TEUTONES;Teutonia
TEUTONES_ADJ;Teutonic
UBII;Ubia
UBII_ADJ;Ubian
USIPI;Usipia
USIPI_ADJ;Usipian
VARISTI;Varistia
VARISTI_ADJ;Varistian
#Belgae;
ATREBATES;Atrebatia
ATREBATES_ADJ;Atrebatian
CANANEFATES;Cananefatia
CANANEFATES_ADJ;Cananefatian
VIROMANDES;Viromanduia
VIROMANDES_ADJ;Viromanduian
AMBIANES;Ambiania
AMBIANES_ADJ;Ambianian
CAEROSES;Caerosia
CAEROSES_ADJ;Caerosian
PAEMANES;Paemania
PAEMANES_ADJ;Paemanian
SEGNES;Segnia
SEGNES_ADJ;Segnian
#Celto-Pannonian;
TECTOSAGES;Tectosagia
TECTOSAGES_ADJ;Tectosagian
TOLISTOBOGES;Tolistobogia
TOLISTOBOGES_ADJ;Tolistobogian
TROCMES;Trocmia
TROCMES_ADJ;Trocmian
AIGOSAGES;Aigosagia
AIGOSAGES_ADJ;Aigosagian
DAGUTENES;Dagutenia
DAGUTENES_ADJ;Dagutenian
INOVANTENES;Inovantenia
INOVANTENES_ADJ;Inovantenian
OKONDIANES;Okondiania
OKONDIANES_ADJ;Okondianian
RIGOSAGES;Rigosagia
RIGOSAGES_ADJ;Rigosagian
#;
#CELTIC;
#;
ALLOBROGES;Allobrogia
ALLOBROGES_ADJ;Allobrogian
AMBIANI;Ambiania
AMBIANI_ADJ;Ambianic
AUSCI;Auscia
AUSCI_ADJ;Auscian
BITURIGES;Biturigia
BITURIGES_ADJ;Biturigian
BOII;Boii
BOII_ADJ;Boian
CADURCI;Cadurcia
CADURCI_ADJ;Cadurcian
INSUBRES;Insubria
INSUBRES_ADJ;Insubrian
LEUCI;Leucia
LEUCI_ADJ;Leucian
LEXOVII;Lexovia
LEXOVII_ADJ;Lexovian
LINGONES;Lingonia
LINGONES_ADJ;Lingonian
MENAPII;Menapia
MENAPII_ADJ;Menapian
NAMNETES;Namnetia
NAMNETES_ADJ;Namnetian
NITIOBROGES;Nitobrogia
NITIOBROGES_ADJ;Nitobrogian
OSISMII;Osismia
OSISMII_ADJ;Osismian
RAURACI;Rauracia
RAURACI_ADJ;Rauracian
REMI;Remia
REMI_ADJ;Remian
SALLUVII;Salluvia
SALLUVII_ADJ;Salluvian
SANTONES;Santonia
SANTONES_ADJ;Santonian
SENONES;Senonia
SENONES_ADJ;Senonian
TARBELLI;Tarbellia
TARBELLI_ADJ;Tarbellian
TAURINI;Taurinia
TAURINI_ADJ;Taurinian
TIGURINI;Tigurinia
TIGURINI_ADJ;Tigurinian
TREVIRI;Treviria
TREVIRI_ADJ;Trevirian
TRIBOCI;Tribocia
TRIBOCI_ADJ;Tribocian
VELIOCASSES;Veliocassia
VELIOCASSES_ADJ;Veliocassian
VENETI;Venetia
VENETI_ADJ;Venetian
#;
#IBERIAN;
#;
AMACI;Amacia
AMACI_ADJ;Amacian
AREVACI;Arevacia
AREVACI_ADJ;Arevacian
AUSETANI;Ausetania
AUSETANI_ADJ;Ausetanian
AUTRIGONI;Autrigonia
AUTRIGONI_ADJ;Autrigonian
BASTETANI;Bastetania
BASTETANI_ADJ;Bastetanian
BELLI;Bellia
BELLI_ADJ;Bellian
BLETONESSI;Bletonesia
BLETONESSI_ADJ;Bletonesian
COELERNI;Coelernia
COELERNI_ADJ;Coelernian
CONCANI;Concania
CONCANI_ADJ;Concanian
CONII;Conia
CONII_ADJ;Conian
LAIETANI;Laietania
LAIETANI_ADJ;Laietanian
LANCIENSI;Lanciensia
LANCIENSI_ADJ;Lanciensian
LUGGONES;Luggonia
LUGGONES_ADJ;Luggonian
LUSONES;Lusonia
LUSONES_ADJ;Lusonian
NEMETATI;Nemetatia
NEMETATI_ADJ;Nemetatian
ORGENOMESCI;Orgonomescia
ORGENOMESCI_ADJ;Orgonomescian
ORNIACOS;Orniacia
ORNIACOS_ADJ;Orniacian
PAESURI;Paesuria
PAESURI_ADJ;Paesurian
TITTI;Tittia
TITTI_ADJ;Tittian
VADINIENSI;Vadiniensia
VADINIENSI_ADJ;Vadiniensian
VARDULI;Vardulia
VARDULI_ADJ;Vardulian
VETERES;Veteria
VETERES_ADJ;Veterian
#;
#THRACIAN;
#;
AGATHYRSI;Agathyrsia
AGATHYRSI_ADJ;Agathyrsian
BENI;Benia
BENI_ADJ;Benian
BESSI;Bessia
BESSI_ADJ;Bessian
BITHYNI;Bithynia
BITHYNI_ADJ;Bithynian
BURI;Buria
BURI_ADJ;Burian
CARPI;Carpia
CARPI_ADJ;Carpian
COSTOBOCI;Costobocia
COSTOBOCI_ADJ;Costobocian
DARDANI;Dardania
DARDANI_ADJ;Dardanian
DII;Dia
DII_ADJ;Dian
DIONI;Dionia
DIONI_ADJ;Dionian
EDONI;Edonia
EDONI_ADJ;Edonian
GETAE;Getia
GETAE_ADJ;Getian
KABIRI;Kabiria
KABIRI_ADJ;Kabirian
KARI;Karia
KARI_ADJ;Karian
MOESI;Moesia
MOESI_ADJ;Moesian
ODRYSI;Odrysia
ODRYSI_ADJ;Odrysian
PAIONI;Paionia
PAIONI_ADJ;Paionian
SAMAI;Samaia
SAMAI_ADJ;Samaian
SINTHI;Sinthia
SINTHI_ADJ;Sinthian
SUCI;Sucia
SUCI_ADJ;Sucian
THYNI;Thynia
THYNI_ADJ;Thynian
TYRGETAE;Tyragetia
TYRGETAE_ADJ;Tyragetan
#;
#ILLYRIAN;
#;
ALAUNI;Alaunia
ALAUNI_ADJ;Alaunian
AMANTINI;Amantinia
AMANTINI_ADJ;Amantinian
AMBIDRAVI;Ambidravia
AMBIDRAVI_ADJ;Ambidravian
AMBILICI;Ambilicia
AMBILICI_ADJ;Ambilician
AMBISONTES;Ambisontia
AMBISONTES_ADJ;Ambisontian
ANARTI;Anartia
ANARTI_ADJ;Anartian
ARAVISCI;Araviscia
ARAVISCI_ADJ;Araviscian
AUTARIATAE;Autariatia
AUTARIATAE_ADJ;Autariatian
BATHANATTI;Bathanattia
BATHANATTI_ADJ;Bathanattian
CARNII;Carnia
CARNII_ADJ;Carnian
COTINI;Cotinia
COTINI_ADJ;Cotinian
DELMATAE;Delmatia
DELMATAE_ADJ;Delmatan
IAPODES;Iapodia
IAPODES_ADJ;Iapodian
OSI;Osia
OSI_ADJ;Osian
PANNONI;Pannonia
PANNONI_ADJ;Pannonic
PICENSII;Picensia
PICENSII_ADJ;Picensian
TAULANTI;Taulantia
TAULANTI_ADJ;Taulantian
TAURISCI;Tauriscia
TAURISCI_ADJ;Tauriscian
VINDELICI;Vindelicia
VINDELICI_ADJ;Vindelician
#;
#SCYTHIAN;
#;
ACHAEI;Achaeia
ACHAEI_ADJ;Acheian
ALANI;Alania
ALANI_ADJ;Alanian
AORSI;Aorsia
AORSI_ADJ;Aorsian
BASTARNAE;Bastarnia
BASTARNAE_ADJ;Bastarnian
BUDINI;Budinia
BUDINI_ADJ;Budinian
CADUSII;Caduscia
CADUSII_ADJ;Caduscian
CERCETAE;Cercetia
CERCETAE_ADJ;Cercetian
DANDARII;Dandaria
DANDARII_ADJ;Dandarian
GELAE;Gelia
GELAE_ADJ;Gelan
HENIOCHI;Henoichia
HENIOCHI_ADJ;Henoichian
IAZYGES;Iazygia
IAZYGES_ADJ;Iazygian
MAEOTAE;Maeotia
MAEOTAE_ADJ;Maeotan
NEURI;Neuria
NEURI_ADJ;Neurian
ROXOLANI;Roxolania
ROXOLANI_ADJ;Roxolanian
SARMATAE;Sarmatia
SARMATAE_ADJ;Sarmatian
SIRACES;Siracia
SIRACES_ADJ;Siracian
SOANES;Soania
SOANES_ADJ;Soanian
URGI;Urgia
URGI_ADJ;Urgian
ZYGII;Zygia
ZYGII_ADJ;Zygian
#Formable;
SLAVIA_NAME;Slavia
SLAVIA_ADJECTIVE;Slavic
#;
#PERSIAN;
#;
GREATER_MEDIA_NAME;Greater Media
GREATER_MEDIA_ADJECTIVE;Median
SEL;Seleukid Empire
SEL_ADJ;Seleukid
ARM;Armenia
ARM_ADJ;Armenian
CAP;Cappadocia
CAP_ADJ;Cappadocian
PON;Pontus
PON_ADJ;Pontine
PAP;Paphlagonia
PAP_ADJ;Paphlagonian
COM;Commagene
COM_ADJ;Commagenian
ALB;Albania
ALB_ADJ;Albanian
IBR;Iberia
IBR_ADJ;Iberian
COL;Colchis
COL_ADJ;Colchisian
;
AMARDI;Amardia
AMARDI_ADJ;Amardian
ANARIACAE;Anariacia
ANARIACAE_ADJ;Anariacaean
AUGASII;Augasia
AUGASII_ADJ;Augasian
CASPII;Caspia
CASPII_ADJ;Caspian
CHORASMII;Chorasmia
CHORASMII_ADJ;Chorasmian
CYRTII;Cyrtia
CYRTII_ADJ;Cyrtian
DAHAE;Dahia
DAHAE_ADJ;Dahaean
DERBICII;Derbicia
DERBICII_ADJ;Derbician
ISSEDONES;Issedonia
ISSEDONES_ADJ;Issedonian
LEGAE;Legia
LEGAE_ADJ;Legaean
MATIANI;Matiana
MATIANI_ADJ;Matianan
MASSAGETAE;Massagetia
MASSAGETAE_ADJ;Massagetian
PARNI;Parnia
PARNI_ADJ;Parnian
SACAE;Sacia
SACAE_ADJ;Sacian
VITII;Vitia
VITII_ADJ;Vitian
#;
#SOUTHLEVANTINE;
#;
CHAULOTAEI;Chaulotia
CHAULOTAEI_ADJ;Chaulotian
AGRAEI;Agraeia
AGRAEI_ADJ;Agraean
GARINDAEI;Garindia
GARINDAEI_ADJ;Garindian
DEBAE;Debia
DEBAE_ADJ;Debian
NEGRANI;Negrania
NEGRANI_ADJ;Negranian
RHAMMANITAE;Rhammanitia
RHAMMANITAE_ADJ;Rhammanitaean
TAMUDI;Tamudia
TAMUDI_ADJ;Tamudian
#;
#NORTHLEVANTINE;
#;
ARAMAEA;Aramaea
ARAMAEA_ADJ;Aramaean
PALMYRAE;Palmyria
PALMYRAE_ADJ;Palmyrian
SCENITAE;Scenitia
SCENITAE_ADJ;Scenitaean
#;
#LATIN;
#;
BRUTTII;Bruttia
BRUTTII_ADJ;Bruttian
CAMUNNI;Camunnia
CAMUNNI_ADJ;Camunnian
CENOMANI;Cenomania
CENOMANI_ADJ;Cenomanic
CARACENI;Caracenia
CARACENI_ADJ;Caracenian
EUGANEI;Euganaeia
EUGANEI_ADJ;Euganeian
FRINIATES;Friniata
FRINIATES_ADJ;Friniatan
LIBURNI;Liburnia
LIBURNI_ADJ;Liburnian
LIGURES;Liguria
LIGURES_ADJ;Ligurian
LEPONTII;Lepontia
LEPONTII_ADJ;Lepontine
LUCANI;Lucania
LUCANI_ADJ;Lucanian
MAMERTINI;Mamertinia
MAMERTINI_ADJ;Mamertine
PATAVINI;Patavinia
PATAVINI_ADJ;Patavian
PENTRI;Pentria
PENTRI_ADJ;Pentrian
#;
#GREEK;
#;
AESTRAEI;Aestraeia
AESTRAEI_ADJ;Aestrian
AGRIANES;Agriania
AGRIANES_ADJ;Agrianic
DERRONES;Derrones
DERRONES_ADJ;Derronian
DOBERES;Doberia
DOBERES_ADJ;Doberian
LAIAIOUS;Laiaiousa
LAIAIOUS_ADJ;Laiaian
MYGDONES;Mygdonia
MYGDONES_ADJ;Mygdonian
ODOMANTI;Odomantia
ODOMANTI_ADJ;Odomantian
PAIOPLAI;Paioplaia
PAIOPLAI_ADJ;Paioplaian
PELASGOI;Pelasgoia
PELASGOI_ADJ;Pelasgian
SIRIOPAIONES;Siriopaionia
SIRIOPAIONES_ADJ;Siriopaionian
TRIBALLI;Triballia
TRIBALLI_ADJ;Triballian
#;
#NORTH-AFRICAN;
#;
ADYRMACHIDAE;Adyrmachidia
ADYRMACHIDAE_ADJ;Adyrmachian
ASBYSTAE;Asbystaea
ASBYSTAE_ADJ;Asbystian
AUSCHISAE;Auschisia
AUSCHISAE_ADJ;Auschisian
AUSEANES;Auseania
AUSEANES_ADJ;Auseanian
FEZZAN;Fezzan
FEZZAN_ADJ;Fezzani
GAETULI;Gaetulia
GAETULI_ADJ;Gaetulian
GARAMANTES;Garamantia
GARAMANTES_ADJ;Garamantic
GILLIGAMAE;Gilligamia
GILLIGAMAE_ADJ;Gilligamian
GYZANTIANES;Gazyntiana
GYZANTIANES_ADJ;Gazyntianian
GINDANES;Gindania
GINDANES_ADJ;Gindanian
LOTOPHAGI;Lotophagia
LOTOPHAGI_ADJ;Lotophagian
MACAE;Macia
MACAE_ADJ;Macaean
MACHLYANES;Machlyania
MACHLYANES_ADJ;Machlyanian
MARMARIDAE;Marmamaridia
MARMARIDAE_ADJ;Marmaridian
MASSAESYLI;Massaesylia
MASSAESYLI_ADJ;Massaesylian
MASSYLI;Massylia
MASSYLI_ADJ;Massylian
MAURI;Mauria
MAURI_ADJ;Maurian
MAXITANI;Maxitania
MAXITANI_ADJ;Maxitanian
NASSAMONES;Nassamonia
NASSAMONES_ADJ;Nassamonian
TROGLODYTAE;Troglodytica
TROGLODYTAE_ADJ;Troglodyte
ZAVECIANES;Zaveciana
ZAVECIANES_ADJ;Zavecianian
#BarbarianLocPuGroup;
NANMAN;Nanman
NANMAN_ADJ;Nanmani
JIAORAOZHONGYI;Jiaoraozhongyi
JIAORAOZHONGYI_ADJ;Jiaoraozhongyi
AILAO;Ailao
AILAO_ADJ;Ailao
PUBU;Pubu
PUBU_ADJ;Pubu
#THISISBRITANNIA;
CAT;Cantiacia
CAT_ADJ;Cantiacian
DUR;Durotriga
DUR_ADJ;Durotrigan
PAS;Parisia
PAS_ADJ;Parisian
DUM;Dumnonia
DUM_ADJ;Dumnonian
ICE;Icenia
ICE_ADJ;Icenian
SIR;Siluria
SIR_ADJ;Silurian
DEM;Demetia
DEM_ADJ;Demetian
COI;Coritania
COI_ADJ;Coritani
DOB;Dobunnia
DOB_ADJ;Dobunni
COV;Cornovia
COV_ADJ;Cornovian
ORD;Ordovicia
ORD_ADJ;Ordovitian
DEC;Deceanglia
DEC_ADJ;Deceanglian
BRI;Brigantia
BRI_ADJ;Brigantian
CAV;Carvetia
CAV_ADJ;Carvetian
ATR;Atrebatia
ATR_ADJ;Atrebatian
REG;Regnensia
REG_ADJ;Regnensian
CAI;Catuvellaunia
CAI_ADJ;Catuvellauni
TRI;Trinovantia
TRI_ADJ;Trinovantian
DNN;Damnonia
DNN_ADJ;Damnonian
TXL;Taexalia
TXL_ADJ;Taexalian
VTD;Votadinia
VTD_ADJ;Votadinian
CAL;Caledonia
CAL_ADJ;Caledonian
#THISISIBERIA;
VAD;Vardulia
VAD_ADJ;Vardulian
BLD;Gymnaesia
BLD_ADJ;Gymnaesian
ASU;Asturia
ASU_ADJ;Asturian
AUI;Ausetania
AUI_ADJ;Ausetanian
AUG;Autrigonia
AUG_ADJ;Autrigonian
BAI;Bastetania
BAI_ADJ;Bastetanian
BAL;Bastulia
BAL_ADJ;Bastulian
CLL;Calleacia
CLL_ADJ;Calleacian
CBI;Cantabria
CBI_ADJ;Cantabrian
CRI;Caristia
CRI_ADJ;Caristian
CRP;Carpetania
CRP_ADJ;Carpetani
CLB;Celtiberia
CLB_ADJ;Celtiberian
CLC;Celticia
CLC_ADJ;Celtician
CNT;Contestani
CNT_ADJ;Contestanian
CNU;Cynetia
CNU_ADJ;Cynetian
EDT;Edetania
EDT_ADJ;Edetanian
ICV;Ilercavonia
ICV_ADJ;Ilercavonian
ILG;Ilergetia
ILG_ADJ;Ilergetian
IDK;Indiketia
IDK_ADJ;Indiketian
LCT;Lacetania
LCT_ADJ;Lacetanian
LOB;Lobetania
LOB_ADJ;Lobetanian
LSU;Lusetania
LSU_ADJ;Lusetanian
ORT;Oretania
ORT_ADJ;Oretanian
TUR;Turdetania
TUR_ADJ;Turdetanian
TDL;Turdulia
TDL_ADJ;Turdulian
VCI;Vaccaeia
VCI_ADJ;Vaccaeian
VSC;Vasconia
VSC_ADJ;Vasconian
VET;Vettonia
VET_ADJ;Vettonian
EPO;Emporion
EPO_ADJ;Emporian
MLK;Malaca
MLK_ADJ;Malacan
TAT;Tartessia
TAT_ADJ;Tartessian
GAD;Gadir
GAD_ADJ;Gadesian
MST;Menesthei
MST_ADJ;Menesthian
MAT;Mastia
MAT_ADJ;Mastian
CTI;Carteia
CTI_ADJ;Carteian
SGS;Arseia
SGS_ADJ;Arseian
ORM;Orgenomescia
ORM_ADJ;Orgenomescian
AVG;Avariginia
AVG_ADJ;Avariginian
COC;Concania
COC_ADJ;Concani
CNI;Coniscia
CNI_ADJ;Coniscian
BLN;Blendia
BLN_ADJ;Blendian
MRC;Morecania
MRC_ADJ;Morecanian
TMC;Tamaricia
TMC_ADJ;Tamarician
VDI;Vadinia
VDI_ADJ;Vadinian
AMC;Amacia
AMC_ADJ;Amacian
BDU;Beduniensia
BDU_ADJ;Bedunian
GGR;Gigurria
GGR_ADJ;Gigurri
LCN;Lanciensia
LCN_ADJ;Lancian
LGO;Lugonia
LGO_ADJ;Lugonian
PSC;Paesicia
PSC_ADJ;Paesician
SLI;Selinia
SLI_ADJ;Selini
SPT;Superatia
SPT_ADJ;Superatian
TBU;Tiburia
TBU_ADJ;Tiburian
ZLA;Zoelia
ZLA_ADJ;Zoeline
AEB;Aebocosia
AEB_ADJ;Aebocosi
ABO;Albionia
ABO_ADJ;Albic
ARR;Arronia
ARR_ADJ;Arronian
BED;Baedia
BED_ADJ;Bedunian
BAN;Baniensia
BAN_ADJ;Baniensian
BRC;Bracaria
BRC_ADJ;Bracarian
CLD;Caladunia
CLD_ADJ;Caladunian
COP;Coporia
COP_ADJ;Coporian
GRV;Gravia
GRV_ADJ;Gravian
INT;Interamicia
INT_ADJ;Interamician
LUN;Leunia
LUN_ADJ;Leunian
NRI;Neria
NRI_ADJ;Nerian
SUR;Seurria
SUR_ADJ;Seurrian
SLN;Silenia
SLN_ADJ;Silenian
TMG;Tamagania
TMG_ADJ;Tamaganian
VRR;Varrinia
VRR_ADJ;Varrinian
CSS;Cessetania
CSS_ADJ;Cessetanian
PAE;Paesuria
PAE_ADJ;Paesurian
LSI;Lusitania
LSI_ADJ;Lusitanian
TPL;Tapolia
TPL_ADJ;Tapolian
SFI;Sefia
SFI_ADJ;Sefian
CMS;Cempsia
CMS_ADJ;Cempsian
TDT;Oppidania
TDT_ADJ;Oppidanian
EBL;Elbocoria
EBL_ADJ;Elbocorian
IGD;Igaedetania
IGD_ADJ;Igaedetanian
LCC;Lancientia
LCC_ADJ;Lancientian
AVA;Aravia
AVA_ADJ;Aravian
TLS;Taluria
TLS_ADJ;Talurian
BDL;Bardulia
BDL_ADJ;Bardulian
AVC;Arevacia
AVC_ADJ;Arevacian
TDI;Turmodigia
TDI_ADJ;Turmodigian
BLT;Bletonisia
BLT_ADJ;Bletonisian
CLU;Caluria
CLU_ADJ;Calurian
CRE;Coerensia
CRE_ADJ;Coerensian
CLO;Calontiensia
CLO_ADJ;Calontiensian
LSN;Lusonia
LSN_ADJ;Lusonian
TTH;Tithia
TTH_ADJ;Tithian
BLL;Bellia
BLL_ADJ;Bellian
LBT;Lobetania
LBT_ADJ;Lobetanian
BOL;Boletia
BOL_ADJ;Boletian
OLC;Olcadia
OLC_ADJ;Olcadian
DNQ;Duniquia
DNQ_ADJ;Duniquian
MOC;Moeniccia
MOC_ADJ;Moeniccian
AEL;Aelariquia
AEL_ADJ;Aelariquian
TRQ;Tirtaliquia
TRQ_ADJ;Tirtaliquian
DOA;Duitiquia
DOA_ADJ;Duitiquian
SLC;Solicia
SLC_ADJ;Solician
SDT;Sedetania
SDT_ADJ;Sedetanian
DEI;Deitania
DEI_ADJ;Deitanian
EBI;Eburania
EBI_ADJ;Eburanian
GRM;Garmania
GRM_ADJ;Garmanian
MTS;Mantasania
MTS_ADJ;Mantasanian
#THISISITALIA;
ROM;Rome
ROM_ADJ;Roman
SAM;Samnium
SAM_ADJ;Samnite
ETR;Etruria
ETR_ADJ;Etruscan
UMB;Umbria
UMB_ADJ;Umbrian
PIE;Picentia
PIE_ADJ;Picentian
SAB;Sabinia
SAB_ADJ;Sabinian
APU;Apulia
APU_ADJ;Apulian
MSP;Messapia
NEP_ADJ;Neapolitan
NEP;Neapolis
FRE_ADJ;Frentanian
FRE;Frentania
PEL_ADJ;Pelignian
PEL;Pelignia
MSP_ADJ;Messapian
SNI;Senones
SNI_ADJ;Senonian
LCA;Lucania
LCA_ADJ;Lucanian
BRT;Bruttia
BRT_ADJ;Bruttian
ANO;Ancona
ANO_ADJ;Anconian
MET;Metapontum
MET_ADJ;Metapontine
TAR;Tarentum
TAR_ADJ;Tarentine
THU;Thuria
THU_ADJ;Thurian
HCL;Herakleia
HCL_ADJ;Herakleian
CRO;Croton
CRO_ADJ;Crotine
LOC;Locri
LOC_ADJ;Locrian
RHG;Rhegium
RHG_ADJ;Rhegian
HPO;Hipponion
HPO_ADJ;Hipponian
SCU;Siculia
SCU_ADJ;Siculian
LGN;Lingonia
LGN_ADJ;Lingoni
TAU;Taurinia
TAU_ADJ;Taurian
INM;Intimilia
INM_ADJ;Intimilian
IGN;Ingaunia
IGN_ADJ;Ingauni
EPA;Ilvatia
EPA_ADJ;Ilvatian
INS;Insubria
INS_ADJ;Insubrian
CNM;Cenomannia
CNM_ADJ;Cenomannic
KRN;Carnia
KRN_ADJ;Carnian
VNT;Veneto
VNT_ADJ;Venetian
HIS;Istria
HIS_ADJ;Istrian
GUN;Genuatia
GUN_ADJ;Genuatan
BOI;Boi
BOI_ADJ;Boic
RAE;Raetia
RAE_ADJ;Raetian
BRE;Ambisontia
BRE_ADJ;Ambisontian
LPO;Lepontia
LPO_ADJ;Lepontine
CUT;Ceutronia
CUT_ADJ;Ceutroni
SLS;Salassia
SLS_ADJ;Salassian
FNT;Friniatia
FNT_ADJ;Friniatic
NUC;Nuceria
NUC_ADJ;Nucerian
MRS;Marsia
MRS_ADJ;Marsian
SIO;Sipontum
SIO_ADJ;Sipontine
RAU;Rauracia
RAU_ADJ;Rauracian
#THISISAFRICAN;
MAU;Mauretania
MAU_ADJ;Mauretanian
MSS;Massaesylia
MSS_ADJ;Massaesylian
MSY;Massylia
MSY_ADJ;Massylian
MSL;Musulamia
MSL_ADJ;Musulamian
KSH;Kush
KSH_ADJ;Kushan
AXM;Aksum
AXM_ADJ;Aksumite
DAL;Elaia
DAL_ADJ;Elaian
BLM;Blemmia
BLM_ADJ;Blemmyan
MYL;Mosylon
MYL_ADJ;Mosylonian
OPO;Oponia
OPO_ADJ;Oponian
MND;Mundia
MND_ADJ;Mundan
AVL;Avalitia
AVL_ADJ;Avalitian
ADO;Adoulia
ADO_ADJ;Adoulian
YEH;Daamot
YEH_ADJ;Daamoti
GWN;Gwanara
GWN_ADJ;Gwanaran
BOR;Megabaria
BOR_ADJ;Megabarian
AUT;Alut
AUT_ADJ;Alutian
TQF;Thaqif
TQF_ADJ;Thaqifi
THD;Thamud
THD_ADJ;Thamudi
BMY;Blemmia
BMY_ADJ;Blemmyan
CYR;Cyrenaica
CYR_ADJ;Cyrenaican
EGY;Ptolemaic Kingdom
EGY_ADJ;Ptolemaic
CAR;Carthage
CAR_ADJ;Carthaginian
#Formable;
PUNT_NAME;Punt
PUNT_ADJECTIVE;Punt
#THISISGAUL;
BOA;Boihaemia
BOA_ADJ;Boihaemian
ABC;Albicia
ABC_ADJ;Albicine
ALL;Allobrogia
ALL_ADJ;Allobrogian
ARC;Arecomicia
ARC_ADJ;Arecomici
AVN;Arvernia
AVN_ADJ;Arvernian
BTU;Viviscia
BTU_ADJ;Biturigan
CDC;Cadurcia
CDC_ADJ;Cadurcic
CNS;Consorannia
CNS_ADJ;Consoranni
HVI;Helvia
HVI_ADJ;Helvian
NTB;Nitiobrogia
NTB_ADJ;Nitiobrogan
RUT;Rutenia
RUT_ADJ;Rutenian
SLV;Salluvia
SLV_ADJ;Salluvian
SGL;Segusiavia
SGL_ADJ;Segusiavian
SRB;Sorbonia
SRB_ADJ;Sorbonic
SRD;Sordonia
SRD_ADJ;Sordonian
TRB;Tarbellia
TRB_ADJ;Tarbellian
TRS;Tarusatia
TRS_ADJ;Tarusati
TCT;Tectosages
TCT_ADJ;Tectosagian
VOC;Vocontia
VOC_ADJ;Vocontian
DCA;Deciatia
DCA_ADJ;Deciatan
OXB;Oxybia
OXB_ADJ;Oxybian
CTR;Caturigia
CTR_ADJ;Caturigan
ASC;Auscia
ASC_ADJ;Auscian
BIG;Bigerrionia
BIG_ADJ;Bigerriones
VCT;Vocatia
VCT_ADJ;Vocati
CCS;Cocosatia
CCS_ADJ;Cocosati
SBZ;Sibuzatia
SBZ_ADJ;Sibuzati
PTC;Petrocoria
PTC_ADJ;Petrocorian
LMV;Lemovicia
LMV_ADJ;Lemovician
SNT;Santonia
SNT_ADJ;Santonine
HMK;Hemeroskopeion
HMK_ADJ;Hemeroskopeian
HVT;Helvetia
HVT_ADJ;Helvetian
VNN;Licatia
VNN_ADJ;Licatian
TLG;Tulingia
TLG_ADJ;Tulingian
ESO;Estionia
ESO_ADJ;Estionian
BRG;Bregantia
BRG_ADJ;Brigantic
CTN;Catenatia
CTN_ADJ;Catenatian
TIG;Tigurinia
TIG_ADJ;Tigurinian
TOU;Tougenia
TOU_ADJ;Tougenian
VRB;Verbigenia
VRB_ADJ;Verbigenian
SVC;Sevacia
SVC_ADJ;Sevacian
LTG;Latobrigia
LTG_ADJ;Latobrigan
BGT;Biturigia
BGT_ADJ;Biturigan
CRN;Carnutia
CRN_ADJ;Carnutian
PCS;Pictonia
PCS_ADJ;Pictonian
TRO;Turonia
TRO_ADJ;Turonian
CMI;Aulercia
CMI_ADJ;Aulerci
NMN;Namnetia
NMN_ADJ;Namnetian
ADC;Andecamulensia
ADC_ADJ;Andecamulensian
RDO;Redonia
RDO_ADJ;Redonian
EBV;Eburovicia
EBV_ADJ;Eburovician
DBL;Diablintia
DBL_ADJ;Diablintine
LXV;Lexovia
LXV_ADJ;Lexovian
OSM;Osismia
OSM_ADJ;Osismian
VTN;Venetia
VTN_ADJ;Venetian
CIO;Curiosolita
CIO_ADJ;Curiosolitine
VNL;Venellia
VNL_ADJ;Venellian
ESV;Esuvia
ESV_ADJ;Esuvian
VCL;Veliocassia
VCL_ADJ;Veliocassian
AMB;Ambarria
AMB_ADJ;Ambarric
AED;Aeduia
AED_ADJ;Aeduic
SQI;Sequania
SQI_ADJ;Sequanian
LNG;Lingonia
LNG_ADJ;Lingonian
MDB;Mandubia
MDB_ADJ;Mandubian
SNN;Senonia
SNN_ADJ;Senonian
TRC;Tricassia
TRC_ADJ;Tricassian
PRS;Parisia
PRS_ADJ;Parisian
CTL;Catalaunia
CTL_ADJ;Catalauni
TBC;Triboccia
TBC_ADJ;Triboccian
LCI;Leucia
LCI_ADJ;Leucian
MDM;Mediomatricia
MDM_ADJ;Mediomatrican
NMI;Nemetia
NMI_ADJ;Nemetian
TVI;Treveria
TVI_ADJ;Treverian
ADT;Aduatucia
ADT_ADJ;Aduatucian
EBS;Eburonia
EBS_ADJ;Eburonian
MNP;Menapia
MNP_ADJ;Menapian
CGN;Cugernia
CGN_ADJ;Cugernian
MRN;Morinia
MRN_ADJ;Morinian
NRV;Nervia
NRV_ADJ;Nervian
RMI;Remia
RMI_ADJ;Remian
CLT;Caletia
CLT_ADJ;Caletian
BLV;Bellovacia
BLV_ADJ;Bellovacian
ABM;Ambiania
ABM_ADJ;Ambiani
VMD;Viromanduia
VMD_ADJ;Viromandui
SSS;Suessionia
SSS_ADJ;Suessioni
#THISISILLYRIAANDDACIA;
CAA;Cataria
CAA_ADJ;Catarian
DRI;Daorsia
DRI_ADJ;Daorsine
DLM;Delmatia
DLM_ADJ;Delmatian
DIT;Iapodia
DIT_ADJ;Iapodic
LTB;Latobicia
LTB_ADJ;Latobician
LBN;Libernia
LBN_ADJ;Libernian
PII;Pieria
PII_ADJ;Pierine
ABI;Abria
ABI_ADJ;Abrian
CVI;Cavia
CVI_ADJ;Cavian
DUI;Deuria
DUI_ADJ;Deurian
DNT;Ditionia
DNT_ADJ;Ditioni
DND;Dindaria
DND_ADJ;Dindarian
SCD;Scordiscia
SCD_ADJ;Scordiscian
AMI;Armistia
AMI_ADJ;Armistian
OXU;Oxuaioia
OXU_ADJ;Oxuaioi
BCI;Breucia
BCI_ADJ;Breucian
OTN;Cotinia
OTN_ADJ;Cotinian
EVS;Eraviscia
EVS_ADJ;Eraviscian
HCN;Ercuniatia
HCN_ADJ;Ercuniatan
TLT;Tilataeia
TLT_ADJ;Tilateian
MOE;Crobyzia
MOE_ADJ;Crobyzian
TBL;Triballia
TBL_ADJ;Triballoi
GTE;Getia
GTE_ADJ;Getian
POT;Potulatensia
POT_ADJ;Potulatensian
SLD;Saldensia
SLD_ADJ;Saldensian
ABN;Albocensia
ABN_ADJ;Albocensian
BUD;Buridavensia
BUD_ADJ;Buridavensian
RAT;Ratacensia
RAT_ADJ;Ratacensian
APP;Appulia
APP_ADJ;Appulian
CAC;Caucoensia
CAC_ADJ;Caucoensian
ANS;Ansamensia
ANS_ADJ;Ansamensian
TYR;Bastia
TYR_ADJ;Bastian
NRC;Noricia
NRC_ADJ;Norican
TSC;Tauriscia
TSC_ADJ;Tauriscian
TLN;Taulantia
TLN_ADJ;Taulantian
DRD;Dardania
DRD_ADJ;Dardanian
SDI;Serdia
SDI_ADJ;Serdican
#THISISARABIA;
SHB;Saba
SHB_ADJ;Saban
MIN;Ma'in
MIN_ADJ;Minaean
HDM;Hadhramut
HDM_ADJ;Hadhrama
QTB;Qataba
QTB_ADJ;Qatabanian
HMJ;Himjar
HMJ_ADJ;Himjar
NBT;Nabatea
NBT_ADJ;Nabatean
LHY;Lihyan
LHY_ADJ;Lihyani
MAK;Maka
MAK_ADJ;Makan
GRH;Gerrha
GRH_ADJ;Gerrhan
TYO;Tylos
TYO_ADJ;Tylian
#GreeceandThrace;
MAS;Massilia
MAS_ADJ;Massiliot
JUD;Judea
JUD_ADJ;Judean
SPA;Sparta
SPA_ADJ;Spartan
SYR;Syracusae
SYR_ADJ;Syracusan
EPI;Epirus
EPI_ADJ;Epirote
MAC;Macedon
MAC_ADJ;Macedonian
MGA;Megara
MGA_ADJ;Megaran
TRE;Thrace
TRE_ADJ;Thracian
BYZ;Byzantion
BYZ_ADJ;Byzantian
ATH;Athens
ATH_ADJ;Athenian
THE;Thebes
THE_ADJ;Theban
KRK;Korkyra
KRK_ADJ;Korkyran
AET;Aetolia
AET_ADJ;Aetolian
AKR;Akarnania
AKR_ADJ;Akarnanian
MSE;Messenia
MSE_ADJ;Messenian
PTA;Patrai
PTA_ADJ;Patrai
AIG;Aigion
AIG_ADJ;Aigionian
MGL;Megalopolis
MGL_ADJ;Megalopoli
MTE;Mantinea
MTE_ADJ;Mantinea
ARG;Argos
ARG_ADJ;Argive
AZA;Azania
AZA_ADJ;Azanian
COT;Corinth
COT_ADJ;Corinthian
EPD;Epidauros
EPD_ADJ;Epidaurian
TRN;Troizen
TRN_ADJ;Troizenian
PRI;Prasia
PRI_ADJ;Prasian
HRA;Heraia
HRA_ADJ;Heraian
LPR;Lepreon
LPR_ADJ;Lepreaonian
STP;Stymphalia
STP_ADJ;Stymphalian
BIT;Bithynia
BIT_ADJ;Bithynian
PRY;Antigonid Kingdom
PRY_ADJ;Antigonid
RHO;Rhodes
RHO_ADJ;Rhodian
ODR;Odrysia
ODR_ADJ;Odrysian
HCP;Heraclea Pontica
HCP_ADJ;Heraclea Pontican
EUB;Eretria
EUB_ADJ;Eretrian
BOE;Boeotia
BOE_ADJ;Boeotian
DEL;Nesiotic League
DEL_ADJ;Nesiotic
KOS;Kos
KOS_ADJ;Kossian
ADI;Adiabene
ADI_ADJ;Adiabeni
MAP;Atropatene
MAP_ADJ;Atropatenian
TRZ;Trapezous
TRZ_ADJ;Trapezi
KNO;Knossos
KNO_ADJ;Knossian
PYR;Polyrrhenia
PYR_ADJ;Polyrrhenian
ADR;Andros
ADR_ADJ;Androsi
LYT;Lyctus
LYT_ADJ;Lyctian
KYD;Kydonia
KYD_ADJ;Kydonian
GRT;Gortyna
GRT_ADJ;Gortinian
IEP;Ierapetra
IEP_ADJ;Ierapetran
TRA;Tarrha
TRA_ADJ;Tarrhan
ELI;Elis
ELI_ADJ;Eleian
PRE;Praesos
PRE_ADJ;Praesoan
ORG;Orgame
ORG_ADJ;Orgamian
ISO;Istros
ISO_ADJ;Istrosi
TMS;Tomis
TMS_ADJ;Tomitan
KTS;Kallatis
KTS_ADJ;Kallatian
KOI;Krounoi
KOI_ADJ;Krounian
ODS;Odessos
ODS_ADJ;Odessan
MES;Mesembria
MES_ADJ;Mesembrian
APL;Apollonia Pontica
APL_ADJ;Apollonian Pontican
MLO;Miletos
MLO_ADJ;Milesian
TAN;Tanagra
TAN_ADJ;Tanagran
#CRIMEAandABKHAZIA;
BPK;Bosporan Kingdom
BPK_ADJ;Bosporan
SRM;Sarmatia
SRM_ADJ;Sarmatian
OLB;Olbia
OLB_ADJ;Olbian
TYS;Tyras
TYS_ADJ;Tyrassian
TYG;Tyragetae
TYG_ADJ;Tyragetian
MAE;Maeotia
MAE_ADJ;Maeotian
CHS;Chersonesus
CHS_ADJ;Chersonese
SND;Sindica
SND_ADJ;Sindi
SCE;Siracia
SCE_ADJ;Siraci
SCY;Scythia
SCY_ADJ;Scythian
SCA;Tigraxaudia
SCA_ADJ;Tigraxaudian
LGA;Legia
LGA_ADJ;Legae
#TARIM;
KHT;Khotan
KHT_ADJ;Khotan
LOL;Loulan
LOL_ADJ;Loulan
KSA;Kucha
KSA_ADJ;Kuchar
PSH;Pishan
PSH_ADJ;Pishan
#INDIA,TIBET,CHINA;
TSA;Tsang
TSA_ADJ;Tsang
ZHZ;Zhangzhung
ZHZ_ADJ;Zhangzhung
YRL;Yarlung
YRL_ADJ;Yarlung
SMP;Sumpa
SMP_ADJ;Sumpan
MRY;Maurya
MRY_ADJ;Mauryan
RTI;Rathika
RTI_ADJ;Rathikan
SHU;Shule
SHU_ADJ;Shule
PHY;Phrynia
PHY_ADJ;Phrynian
MGT;Massagetae
MGT_ADJ;Massagetae
###################;
#ChangedfromWusun,Wusunnowappearsviaevent;
WUS;Amyrgia
WUS_ADJ;Amyrgia
###################;
TAY;Tayuan
TAY_ADJ;Tayuan
SOG;Sogdia
SOG_ADJ;Sogdian
PND;Pandya
PND_ADJ;Pandyan
CHR;Chera
CHR_ADJ;Cheran
AYY;Ay
AYY_ADJ;Ay
CHL;Chola
CHL_ADJ;Cholan
STY;Satiyaputa
STY_ADJ;Satiyaputan
ANU;Anuradhapura
ANU_ADJ;Anuradhapuran
MSH;Mahisha
MSH_ADJ;Mahishan
ANH;Andhra
ANH_ADJ;Andhran
KAL;Kalinga
KAL_ADJ;Kalingan
ASM;Ashmaka
ASM_ADJ;Ashmakan
PIT;Pitinika
PIT_ADJ;Pitinikan
BOJ;Bhoja
BOJ_ADJ;Bhojan
KUN;Kuntala
KUN_ADJ;Kuntalan
ALU;Alupa
ALU_ADJ;Alupan
KRP;Kamarupa
KRP_ADJ;Kamarupi
IDR;Indravana
IDR_ADJ;Indravani
KRA;Karusa
KRA_ADJ;Karusi
GHA;Gandhara
GHA_ADJ;Gandharan
PRA;Paurava
PRA_ADJ;Pauravan
YDD;Yaudheya
YDD_ADJ;Yaudheyan
NBA;Nabhaka
NBA_ADJ;Nabhakan
NBP;Nabhapakti
NBP_ADJ;Nabhaptian
SMT;Samatata
SMT_ADJ;Samatatan
HYA;Mahisamandala
HYA_ADJ;Mahisamandalan
PLD;Palada
PLD_ADJ;Paladan
RHN;Ruhunu
RHN_ADJ;Ruhunuan
MLY;Malaya
MLY_ADJ;Malayan
PRB;Parambu
PRB_ADJ;Parambuan
KSR;Kosar
KSR_ADJ;Kosari
ADG;Adagaiman
ADG_ADJ;Adagaimani
KLS;Khasa
KLS_ADJ;Khasan
KHB;Khamboja
KHB_ADJ;Khambojan
#Formable;
TIBETAN_EMPIRE_NAME;Tibet
TIBETAN_EMPIRE_ADJECTIVE;Tibetan
;
###Germania;
LVA;Lemovia
LVA_ADJ;Lemovian
SMN;Semnonia
SMN_ADJ;Semnonian
LGB;Langobardia
LGB_ADJ;Langobardian
MCM;Marcomannia
MCM_ADJ;Marcomanni
CHC;Chaucia
CHC_ADJ;Chaucian
BST;Bastarnia
BST_ADJ;Bastarnae
SXS;Frisia
SXS_ADJ;Frisian
CMB;Cimbria
CMB_ADJ;Cimbrian
VDL;Sithonia
VDL_ADJ;Sithonian
TIT;Teutonia
TIT_ADJ;Teutonic
GIT;Goutia
GIT_ADJ;Goutian
SWE;Suionia
SWE_ADJ;Suionian
RUG;Chaidinia
RUG_ADJ;Chaidinian
RAM;Raumaricia
RAM_ADJ;Raumarician
HRE;Ambronia
HRE_ADJ;Ambronian
VRI;Varinia
VRI_ADJ;Varinian
LGI;Lugia
LGI_ADJ;Lugian
ANG;Anglia
ANG_ADJ;Anglian
AES;Galindia
AES_ADJ;Galindian
###Bactria;
PRN;Parnia
PRN_ADJ;Parni
ZNT;Zanthia
ZNT_ADJ;Zanthi
PSS;Pissuria
PSS_ADJ;Pissuri
KRZ;Kharesmia
KRZ_ADJ;Kharesmian
ARS;Arachosia
ARS_ADJ;Arachosian
###Other;
CIA;Caria
CIA_ADJ;Carian
ION;Ionia
ION_ADJ;Ionian
KNI;Knidos
KNI_ADJ;Knidosian
IOA;Aeolia
IOA_ADJ;Aeolian
CDD;Calchedon
CDD_ADJ;Calchedonian
KIO;Kios
KIO_ADJ;Kiosian
SNP;Sinope
SNP_ADJ;Sinopean
AST;Astakos
AST_ADJ;Astakoan
KZK;Kyzikos
KZK_ADJ;Kyzikosian
SID;Sidon
SID_ADJ;Sidonian
ARA;Arados
ARA_ADJ;Aradosi
BYB;Byblos
BYB_ADJ;Byblosian
PAA;Paeonia
PAA_ADJ;Paeonian
AMS;Amisos
AMS_ADJ;Amisian
HKS;Halikarnassos
HKS_ADJ;Halikarnassos
KRS;Kerausous
KRS_ADJ;Keraousian
KYA;Kotyora
KYA_ADJ;Kotyoran
TRP;Tripolitania
TRP_ADJ;Tripolitanian
EMP;Emporia
EMP_ADJ;Emporian
ACO;Achola
ACO_ADJ;Acholan
HDR;Hadrametum
HDR_ADJ;Hadrametumian
LPT;Leptis Minor
LPT_ADJ;Leptian
TPS;Thapsus
TPS_ADJ;Thapsian
UTC;Utica
UTC_ADJ;Utican
ACR;Acragas
ACR_ADJ;Acragantine
KUA;Kerkouane
KUA_ADJ;Kerkouanian
IOL;Iol
IOL_ADJ;Iolian
DOD;Dodekaschoinos
DOD_ADJ;Dodekaschoinian
ELT;Eleutherna
ELT_ADJ;Eleuthernian
SMA;Samaria
SMA_ADJ;Samarian
BMB;Bambyce
BMB_ADJ;Bambycan
ULT;Voluntia
ULT_ADJ;Voluntian
QDA;Qedar
QDA_ADJ;Qedarite
BAC;Bactria
BAC_ADJ;Bactrian
PAR;Parthia
PAR_ADJ;Parthian
ATV;Atavia
ATV_ADJ;Atavi
ZGY;Zygia
ZGY_ADJ;Zygian
HNY;Heniochia
HNY_ADJ;Heniochian
PHI;Phasis
PHI_ADJ;Phasian
DAHAE_NAME;Dahae
DAHAE_ADJECTIVE;Dahaean
HELLENIC_LEAGUE_NAME;Hellenic League
HELLENIC_LEAGUE_ADJECTIVE;Hellenic
ARGEAD_NAME;Argead Empire
ARGEAD_ADJECTIVE;Argead
EGYPT_NAME;Egypt
EGYPT_ADJECTIVE;Egyptian
ASSYRIA_NAME;Assyria
ASSYRIA_ADJECTIVE;Assyrian
GALATIA_NAME;Galatia
GALATIA_ADJECTIVE;Galatian
PONTUS_NAME;Pontus
PONTUS_ADJECTIVE;Pontic
ARMENIA_NAME;Armenia
ARMENIA_ADJECTIVE;Armenian
MACEDONIA_NAME;Macedon
MACEDONIA_ADJECTIVE;Macedonian
PERGAMON_NAME;Pergamon
PERGAMON_ADJECTIVE;Pergamine
PHRYGIA_NAME;Phrygia
PHRYGIA_ADJECTIVE;Phrygian
BHARATVARSHA_NAME;Bharatvarsha
BHARATVARSHA_ADJECTIVE;Bharatvarshan
DRAVIDA_NAME;Dravida
DRAVIDA_ADJECTIVE;Dravidian
##ExtraGermania;
RGG;Rugia
RGG_ADJ;Rugian
GTH;Guthonia
GTH_ADJ;Guthonic
SCI;Sciria
SCI_ADJ;Scirian
FOS;Fosia
FOS_ADJ;Fosian
AVO;Avionia
AVO_ADJ;Avionic
REU;Reudignia
REU_ADJ;Reudignian
CRS;Cheruscia
CRS_ADJ;Cheruscian
EUD;Eudosia
EUD_ADJ;Eudosian
AGR;Angrivaria
AGR_ADJ;Angrivarian
BUR;Burgundia
BUR_ADJ;Burgundian
DAN;Dancionia
DAN_ADJ;Dancionian
LEU;Levonia
LEU_ADJ;Levonian
#nuragic;
IOI;Iliensia
IOI_ADJ;Iliensian
BLR;Balaria
BLR_ADJ;Balarian
###NewBarbarianTribes###;
#Gaelic#;
AUTINI;Autinia
AUTINI_ADJ;Autinian
DARINI;Darinia
DARINI_ADJ;Darinian
ERPEDITANI;Erpeditania
ERPEDITANI_ADJ;Erpeditan
IVERNI;Ivernia
IVERNI_ADJ;Ivernian
MAGNATAE;Magnataia
MAGNATAE_ADJ;Magnataian
UTERNI;Uternia
UTERNI_ADJ;Uternian
ULIDIA;Ulidia
ULIDIA_ADJ;Ulidian
#Britannic#;
ANCALITES;Ancalitia
ANCALITES_ADJ;Ancalitan
ATTACOTTI;Attacotia
ATTACOTTI_ADJ;Accottian
BIBROCI;Bibrocia
BIBROCI_ADJ;Bibrocian
HORESTI;Horestia
HORESTI_ADJ;Horestian
CASSI;Cassia
CASSI_ADJ;Cassian
GABRANTOVICES;Gabrantovicia
GABRANTOVICES_ADJ;Gabrantovici
GANGANI;Gangania
GANGANI_ADJ;Ganganian
NOVANTAE;Novantaia
NOVANTAE_ADJ;Novantaian
LOPOCARES;Lopocaria
LOPOCARES_ADJ;Lopocarian
SEGONTIACI;Segontiacia
SEGONTIACI_ADJ;Segontian
SELGOVAE;Selgovae
SELGOVAE_ADJ;Selgovian
#Proto-European#;
BERONES;Beronia
BERONES_ADJ;Beronian
VESCETANI;Vescetania
VESCETANI_ADJ;Vescetanian
CERETES;Ceretia
CERETES_ADJ;Ceretian
CONVENI;Convenia
CONVENI_ADJ;Convenian
SOTIATES;Sotiatia
SOTIATES_ADJ;Sotiatian
ELUSATES;Elusatia
ELUSATES_ADJ;Elusatian
VASATES;Vasatia
VASATES_ADJ;Vasatia
BELATONES;Belatonia
BELATONES_ADJ;Belatonian
CERVINI;Cervinia
CERVINI_ADJ;Cervinian
LICININI;Licininia
LICININI_ADJ;Licininian
TIBULATI;Tibulatia
TIBULATI_ADJ;Tibulatian
EUTHICANI;Euthicania
EUTHICANI_ADJ;Euthicanian
ACCONITI;Acconitia
ACCONITI_ADJ;Acconitian
CARENSES;Carensia
CARENSES_ADJ;Carensian
CELSITANI;Celstiania
CELSITANI_ADJ;Celstianian
CORACENSES;Coracensia
CORACENSES_ADJ;Coracensian
#Iberians#;
CASTELLANI;Castellania
CASTELLANI_ADJ;Castellanian
CERRETANI;Cerretania
CERRETANI_ADJ;Cerretanian
HELISYCES;Helisycia
HELISYCES_ADJ;Helisycian
SORDONES;Sordonia
SORDONES_ADJ;Sordonian
PITYUSSAI;Pityussia
PITYUSSAI_ADJ;Pityussan
#Numidian#;
QUINQUEGENTIANI;Quinquegentiania
QUINQUEGENTIANI_ADJ;Quinquegentianian
MUSULAMII;Musulamia
MUSULAMII_ADJ;Musulamian
#NorthAfrica#;
PSYLLI;Psyllia
PSYLLI_ADJ;Psyllian
LAGUATANI;Laguatania
LAGUATANI_ADJ;Laguatanian
MESHWESH;Meshwesh
MESHWESH_ADJ;Meshweshian
#Baltic#;
SITONES;Sitonia
SITONES_ADJ;Sitonian
FENNI;Fennia
FENNI_ADJ;Fennian
VENEDAE;Venedia
VENEDAE_ADJ;Venedian
NAVARI;Navaria
NAVARI_ADJ;Navarian
VELTAE;Veltia
VELTAE_ADJ;Veltian
#Dacian#;
AEDI;Aedia
AEDI_ADJ;Aedian
BIEPHI;Biephia
BIEPHI_ADJ;Biephian
BIESSOI;Biessia
BIESSOI_ADJ;Biessian
CIAGINSI;Ciaginsia
CIAGINSI_ADJ;Ciaginsian
CROBIDAE;Crobidia
CROBIDAE_ADJ;Crobidian
PIEPHIGI;Piephigia
PIEPHIGI_ADJ;Piephigian
TERICI;Tericia
TERICI_ADJ;Terician
TRIXAE;Trixaea
TRIXAE_ADJ;Trixaean
#Illyrians#;
BARIDUSTAE;Baridustaea
BARIDUSTAE_ADJ;Baridustaean
TARIOTES;Tarotia
TARIOTES_ADJ;Tarotian
SELEPITANOI;Selepitania
SELEPTAINOI_ADJ;Selepitanian
PARTHINI;Parthinia
PARTHINI_ADJ;Parthinian
BREUCI;Breucia
BREUCI_ADJ;Breucian
PIRUSTAE;Pirustia
PIRUSTAE_ADJ;Pirustian
SARDEATI;Sardeatia
SARDEATI_ADJ;Sardeatian
BYLLIONES;Byllionia
BYLLIONES_ADJ;Byllionian
BALAITES;Balatia
BALAITES_ADJ;Balatian
PARTHENI;Parthenia
PARTHENI_ADJ;Parthenian
PEUCETI;Peuceti
PEUCETI_ADJ;Peucetian
CINAMBRI;Cinambria
CINAMBRI_ADJ;Cinambrian
DASSARETI;Dassaretia
DASSARETI_ADJ;Dassaretian
PENESTI;Penestia
PENESTI_ADJ;Penestian
DEUNI;Deunia
DEUNI_ADJ;Deunian
NARENSI;Narensia
NARENSI_ADJ;Narensian
CHELIDONI;Chelidonia
CHELIDONI_ADJ;Chelidonian
BATHIATAE;Bathiatia
BATHIATAE_ADJ;Bathiatian
#Thracians#;
MAEDI;Maedia
MAEDI_ADJ;Maedian
PAETI;Paetia
PAETI_ADJ;Paetian
SATRI;Satria
SATRI_ADJ;Satrian
DERSAEI;Dersaeia
DERSAEI_ADJ;Dersaeian
KORPILOI;Korpilia
KORPILOI_ADJ;Korpilian
KORELI;Korelia
KORELI_ADJ;Korelian
NIPSAIOI;Nipsaeia
NIPSAIOI_ADJ;Nipsaeian
SAPAIOI;Sapaeia
SAPAIOI_ADJ;Sapaeian
SINTEIS;Sintia
SINTEIS_ADJ;Sintian
MELANOPHAGI;Melanophagia
MELANOPHAGI_ADJ;Melanophagian
MELANDITAE;Melanditia
MELANDITAE_ADJ;Melanditian
CEBRENII;Cebrenia
CEBRENII_ADJ;Cebrenian
#Scythians#;
TOREATAE;Toreatia
TOREATAE_ADJ;Toreatian
SINDI;Sindia
SINDI_ADJ;Sindian
ARRECHI;Arrechia
ARRECHI_ADJ;Arrechian
OBIDIACENI;Obidiacenia
OBIDIACENI_ADJ;Obidiacenian
DOSCI;Doscia
DOSCI_ADJ;Doscian
AGRI;Agria
AGRI_ADJ;Agrian
SITTACENI;Sittacenia
SITTACENI_ADJ;Sittacenian
ASPURGIANI;Aspurgiania
ASPURGIANI_ADJ;Aspurgianian
#Bactrians#;
DREPSIANOI;Drepsiania
DREPSIANOI_ADJ;Drepsianian
CHORASMIOI;Chorasmia
CHORASMIOI_ADJ;Chorasmian
OUARNOI;Ouarnia
OUARNOI_ADJ;Ouarnian
SKORDAI;Skordia
SKORDAI_ADJ;Skordian
MAROUKAIOI;Maroukaia
MAROUKAIOI_ADJ;Maroukaian
TOCHAROI;Tocharia
TOCHAROI_ADJ;Tocharian
KOMOI;Komia
KOMOI_ADJ;Komian
CHOMAROI;Chomaria
CHOMARIO_ADJ;Chomarian
SALATARAE;Salataria
SALATARAE_ADJ;Salatarian
TAMBYZOI;Tambyzia
TAMBYZOI_ADJ;Tambyzian
ZARIASPAEA;Zariaspia
ZARIASPAEA_ADJ;Zariaspian
#Indian#;
SALOBRIASAI;Salobriasa
SALOBRIASAI_ADJ;Salobriasan
ASANGAI;Asangaia
ASANGAI_ADJ;Asangaian
BOLINGAI;Bolingia
BOLINGAI_ADJ;Bolingian
DIMOUROI;Dimouria
DIMOUROI_ADJ;Dimourian
VARETATAI;Varetataia
VARETATAI_ADJ;Varetataian
HORATAI;Horataia
HORATAI_ADJ;Horataian
GALLIATALOUTAI;Galliataloutia
GALLIATALOUTAI_ADJ;Galliataloutian
RARAOUNGAI;Raraoungia
RARAOUNGAI_ADJ;Raraoungian
ORATOURAI;Oratouria
ORATOURAI_ADJ;Oratourian
CHARMAI;Charmia
CHARMAI_ADJ;Charmian
SETAI;Setaia
SETAI_ADJ;Setaian
KAISOI;Kaisia
KAISOI_ADJ;Kaisian
MEGALLAI;Megallia
MEGALLAI_ADJ;Megallian
OUBERAI;Ouberia
OUBERAI_ADJ;Ouberian
ABALOI;Abalia
ABALOI_ADJ;Abalian
#Aksumite#;
KYNEGETAE;Kynegetia
KYNEGETAE_ADJ;Kynegetian
ELEPHANTOMACHOI;Elephantomachia
ELEPHANTOMACHOI_ADJ;Elephantomachian
TROGODYTAE;Trogodytia
TROGODYTAE_ADJ;Trogodytian
MACROBIOI;Macrobia
MACROBIOI_ADJ;Macrobian
#Assyrian#;
ELYMAEI;Elymia
ELYMAEI_ADJ;Elymian
CHALDAEI;Chaldea
CHALDAEI_ADJ;Chaldean
RHAMBAIOI;Rhambaia
RHAMBAIOI_ADJ;Rhambaian
KARDUCHOI;Karduchia
KARDUCHOI_ADJ;Karduchian
GARAMAIOI;Garamaia
GARAMAIOI_ADJ;Garamaian
#Levantine#;
SARAKENOI;Sarakenia
SARAKENOI_ADJ;Sarakenian
ITOURAIOI;Itouraia
ITOURAIOI_ADJ;Itouraian
HEMESENOI;Hemesenia
HEMESENOI_ADJ;Hemesenian
ZABADAIOI;Zabadaia
ZABADAIOI_ADJ;Zabadaian
AOUIDENOI;Aouidenia
AOUIDENOI_ADJ;Aouidenian
CHALUTAIOI;Chalutaia
CHALUTAIOI_ADJ;Chalutaian
AGRAIOI;Agraia
AGRAIOI_ADJ;Agraian
EPIMARANITAE;Epimaranita
EPIMARANITAE_ADJ;Epimaranitan
#Arabian#;
THANOUITAE;Thanoutia
THANOUITAE_ADJ;Thanoutian
KATANITAE;Katanita
KATANITAE_ADJ;Katanitan
SALAMIOI;Salama
SALAMIOI_ADJ;Salaman
MELANGITAE;Melangitia
MELANGITAE_ADJ;Melangitian
KINAIDOKOLPITAE;Kinaidokolpitia
KINAIDOKOLPITAE_ADJ;Kinaidokolpitian
ASATENOI;Asatenia
ASATENOI_ADJ;Asatenian
CHORANITAE;Choranitia
CHORANITAE_ADJ;Choranitian
CADAEI;Cadaea
CADAEI_ADJ;Cadaean
TALUDAEI;Taludia
TALUDAEI_ADJ;Taludian
#Tibetan#;
BODPA;Bodpa
BODPA_ADJ;Bodpan
BROKPA;Brokpa
BROKPA_ADJ;Brokpan
CHANGPA;Changpa
CHANGPA_ADJ;Changpan
DENGBA;Dengba
DENGBA_ADJ;Dengban
DUKPA;Dukpa
DUKPA_ADJ;Dukpan
GOLOK;Golok
GOLOK_ADJ;Golokian
KHAMPA;Khampa
KHAMPA_ADJ;Khampan
KHENG;Khengia
KHENG_ADJ;Khengian
LEPCHA;Lepcha
LEPCHA_ADJ;Lepchan
LHOBA;Lhoba
LHOBA_ADJ;Lhoban
LIMBU;Limbu
LIMBU_ADJ;Limbian
MEMBA;Memba
MEMBA_ADJ;Memban
MONPA;Monpa
MONPA_ADJ;Monpan
MISHMI;Mishmia
MISHMI_ADJ;Mishmian
SHERPA;Sherpa
SHERPA_ADJ;Sherpan
TAMANG;Tamang
TAMANG_ADJ;Tamangian
TANI;Tania
TANI_ADJ;Tanian
roman_empire_name;Roman Empire
;
#DHECARTHAGE;
ZSE_NAME;Z'Keli
ZSE_ADJECTIVE;Z'Kelian
VAG_NAME;Qart-hadasht Gadol
VAG_ADJECTIVE;Qart-hadasht Gadolian
ITA_NAME;Talia
ITA_ADJECTIVE;Talian
;
#ExtraIreland;
DAR;Darinia
DAR_ADJ;Darinian
ELA;Eblania
ELA_ADJ;Eblanian
MNA;Manapia
MNA_ADJ;Manapian
CAU;Caucia
CAU_ADJ;Caucian
COR;Coriondia
COR_ADJ;Coriondian
IVE;Ivernia
IVE_ADJ;Ivernian
USD;Usdia
USD_ADJ;Usdian
ROB;Robogdia
ROB_ADJ;Robogdian
VEN;Venicnia
VEN_ADJ;Venicnian
BGA;Brigantes
BGA_ADJ;Brigantian
;
#ExtraScotland;
CAN;Carnonacia
CAN_ADJ;Carnonacian
CON;Cornavia
CON_ADJ;Cornavian
;
#ExtraBaltics;
VND;Venedia
VND_ADJ;Venedians
SUD;Sudinoia
SUD_ADJ;Sudinoian
SLO;Saloia
SLO_ADJ;Saloian
;
#RomeExtra;
western_roman_republic_name;Western Roman Republic
western_roman_empire_name;Western Roman Empire
western_roman_kingdom_name;Western Roman Kingdom
western_rome_name;Western Rome
eastern_roman_republic_name;Eastern Roman Republic
eastern_roman_empire_name;Eastern Roman Empire
eastern_roman_kingdom_name;Eastern Roman Kingdom
eastern_rome_name;Eastern Rome
eastern_roman_dictatorship_name;Eastern Roman Dictatorship
western_roman_dictatorship_name;Western Roman Dictatorship
roman_kingdom_name;Roman Kingdom
;
#ItalyExtra;
ELE;Elea
ELE_ADJ;Elean
;
#SicilyExtra;
GEL;Gelas
GEL_ADJ;Gelan
HEM;Herakleia Minoa
HEM_ADJ;Herakleian
TYN;Tyndaria
TYN_ADJ;Tyndarian
CLA;Calactea
CLA_ADJ;Calactean
SIN;Selinous
SIN_ADJ;Selinian
;
###COUNTRYRENAMEEVENTSFORSEL/MRY;
PERSIAN_EMPIRE_NAME;Persian Empire
PERSIAN_EMPIRE_ADJECTIVE;Persian
MESOPOTAMIAN_EMPIRE_NAME;Mesopotamian Empire
MESOPOTAMIAN_EMPIRE_ADJECTIVE;Mesopotamian
MEDIAN_EMPIRE_NAME;Median Empire
MEDIAN_EMPIRE_ADJECTIVE;Median
ARIANIAN_EMPIRE_NAME;Arianian Empire
ARIANIAN_EMPIRE_ADJECTIVE;Arianian
GEDROSIAN_EMPIRE_NAME;Gedrosian Empire
GEDROSIAN_EMPIRE_ADJECTIVE;Gedrosia
CAPPADOCIAN_EMPIRE_NAME;Cappadocian Empire
CAPPADOCIAN_EMPIRE_ADJECTIVE;Cappadocian
ASSYRIAN_EMPIRE_NAME;Assyrian Empire
ASSYRIAN_EMPIRE_ADJECTIVE;Assyrian
SYRIAN_EMPIRE_NAME;Syrian Empire
SYRIAN_EMPIRE_ADJECTIVE;Syrian
PALESTINE_EMPIRE_NAME;Palestinian Empire
PALESTINE_EMPIRE_ADJECTIVE;Palestinian
MADHYADESAN_EMPIRE_NAME;Madhyadesan Empire
MADHYADESAN_EMPIRE_ADJECTIVE;Madhyadesan
GANDARAN_EMPIRE_NAME;Gandaran Empire
GANDARAN_EMPIRE_ADJECTIVE;Gandaran
MARU_EMPIRE_NAME;Maru Empire
MARU_EMPIRE_ADJECTIVE;Maru
AVANTI_EMPIRE_NAME;Avanti Empire
AVANTI_EMPIRE_ADJECTIVE;Avanti
APARANTAN_EMPIRE_NAME;Aparantan Empire
APARANTAN_EMPIRE_ADJECTIVE;Aparantan
KARNATAN_EMPIRE_NAME;Karnatan Empire
KARNATAN_EMPIRE_ADJECTIVE;Karnatan
DRAVIDIAN_EMPIRE_NAME;Dravidian Empire
DRAVIDIAN_EMPIRE_ADJECTIVE;Dravidian
VINDHYAPRSTHAN_EMPIRE_NAME;Vindhyaprsthan Empire
VINDHYAPRSTHAN_EMPIRE_ADJECTIVE;Vindyhaprsthan
PRACYAN_EMPIRE_NAME;Pracyan Empire
PRACYAN_EMPIRE_ADJECTIVE;Pracyan
BITHYNIAN_EMPIRE_NAME;Bithynian Empire
BITHYNIAN_EMPIRE_ADJECTIVE;Bithynian
PHRYGIAN_EMPIRE_NAME;Phrygian Empire
PHRYGIAN_EMPIRE_ADJECTIVE;Phrygian
CILICIAN_EMPIRE_NAME;Cilician Empire
CILICIAN_EMPIRE_ADJECTIVE;Cilician
ASIAN_EMPIRE_NAME;Asian Empire
ASIAN_EMPIRE_ADJECTIVE;Asian
###CarthageMissions###;
EPIKRATEIA_NAME;Epikrateia
EPIKRATEIA_ADJECTIVE;Epikrateian
CARTHAGO_NOVA_NAME;Carthago Nova
CARTHAGO_NOVA_ADJECTIVE;Carthago Novan
TARTESSOS_NAME;Tartessos
TARTESSOS_ADJECTIVE;Tartessian
MAGNA_GRAECIA_FEUDATORY_NAME_CALABRIA;K'labri
MAGNA_GRAECIA_FEUDATORY_ADJECTIVE_CALABRIA;K'labrian
MAGNA_GRAECIA_FEUDATORY_NAME_HERACLEA;Lakani
MAGNA_GRAECIA_FEUDATORY_ADJECTIVE_HERACLEA;Lakanian
MAGNA_GRAECIA_FEUDATORY_NAME_TARENTUM;T'rentu
MAGNA_GRAECIA_FEUDATORY_ADJECTIVE_TARENTUM;T'rentian
POMPEII_NAME;P'mpe
POMPEII_ADJECTIVE;P'mpeian
ROME_NAME;Rome
ROME_ADJECTIVE;Roman
;
#RomeMissions;
SARDINIA_NAME;Sardinia
SARDINIA_ADJECTIVE;Sardinian
CORINTH_NAME;Corinth
CORINTH_ADJECTIVE;Corinthian
DECAPOLIS_NAME;Decapolis
DECAPOLIS_ADJECTIVE;Decapoli
;
#FLAVOREGY;
CYRENAICAN_OPPOSITION;Cyrenaican Opposition
CYRENAICAN_OPPOSITION_ADJ;Cyrenaican
;
#NEWGREEKCOUNTRIES;
DYM;Dyme
DYM_ADJ;Dymian
TEG;Tegea
TEG_ADJ;Tegean
PLE;Pellene
PLE_ADJ;Pelleni
HRM;Hermione
HRM_ADJ;Hermionian
AMP;Amphissa
AMP_ADJ;Amphissan
OPU;Opus
OPU_ADJ;Opuntian
PHO;Elatea
PHO_ADJ;Elatean
DLP;Delphi
DLP_ADJ;Delphic
ORE;Oreos
ORE_ADJ;Oreosian
;
#SPARTANMISSIONCOUNTRIES;
OLYMPIA_FEUDATORY_NAME;Olympia
OLYMPIA_FEUDATORY_ADJECTIVE;Olympian
PELOPONNESIAN_LEAGUE_NAME;Peloponnesian League
PELOPONNESIAN_LEAGUE_ADJECTIVE;Peloponnesian
PHERAI_NAME;Pherae
PHERAI_ADJECTIVE;Pheraen
LARISSA_NAME;Larissa
LARISSA_ADJECTIVE;Larissan
PHARSALOS_NAME;Pharsalos
PHARSALOS_ADJECTIVE;Pharsalosan
THESSALY_NAME;Thessaly
THESSALY_ADJECTIVE;Thessalian
;
#EPIRUSFORMAMBLE;
EPIRUS_NAME;Epirus
EPIRUS_ADJECTIVE;Epirote
;
#BOEOTIAFORMAMBLE;
BOEOTIA_NAME;Boeotia
BOEOTIA_ADJECTIVE;Boeotian
;
#SYRACUSEMISSION;
SYR_TYRANNY;Syracusan Tyranny
MAMERYES;Marsades Republic
MAMERYES_ADJ;Marsades
;
#EUBOEAFORMABLE;
EBO;Euboea
EBO_ADJ;Euboean
EUBOEA_NAME;Euboea
EUBOEA_ADJ;Euboean
;
#ATHENIANMISSIONCOUNTRIES;
DELOS_FEUDATORY_NAME;Delos
DELOS_FEUDATORY_ADJECTIVE;Delian
;
#GREEKAREAVASSALS;
ATTICA;Attica
ATTICA_ADJ;Attican
ARCADIA;Arcadia
ARCADIA_ADJ;Arcadian
PELOPONNESIA;Laconia
PELOPONNESIA_ADJ;Laconian
ACHAEA;Achaea
ACHAEA_ADJ;Achaean
BOEOTIA;Boetia
BOEOTIA_ADJ;Boetian
EUBOEA;Euboe
AEGEA;Aegea
AEGEA_ADJ;Aegean
AETOLIA;Aetolia
AETOLIA_ADJ;Aetolian
THESSALY;Thessaly
THESSALY_ADJ;Thessalian
;
MAGADHA_EMPIRE_NAME;Magadhan Empire
MAGADHA_EMPIRE_ADJECTIVE;Magadhan
;
TUSCIA_NAME;Tuscia
;
ITA;Italiote League
ITA_ADJ;Italiote
PHK;Phocaean League
PHK_ADJ;Phocaean
;
AMK;Ambracia
AMK_ADJ;Ambracian
;
MACEDONIAN_EMPIRE_NAME;Hellenistic Empire
MACEDONIAN_EMPIRE_ADJECTIVE;Hellenistic
;
SIKELIA_NAME;Sikelia
SIKELIA_ADJ;Sikeliote
;
ARD;Arkades
ARD_ADJ;Arkadian
LAP;Lappa
LAP_ADJ;Lappan
;
SARDIS_NAME;Sardis
SARDIS_ADJECTIVE;Sardian
;
MITH_NAME;Mithridatic Kingdom
MITH_ADJ;Mithridatic
;
LEAGUE_OF_KORINTHOS;League of Corinth
;
MAD;Maedia
MAD_ADJ;Maedian
;
PHA;Issa
PHA_ADJ;Issan
ASP;Chersos
ASP_ADJ;Chersian
EPM;Epidaurum
EPM_ADJ;Epidaurian
APO;Apollonia
APO_ADJ;Apollonian
;
#MariusAnatolians;
SLG;Selgia
SLG_ADJ;Selgian
TRM;Solymia
TRM_ADJ;Solymian
SSG;Sagalassia
SSG_ADJ;Sagalassian
KTN;Kotennia
KTN_ADJ;Kotennian
PDL;Pednelissia
PDL_ADJ;Pednelissian
LYC;Lycia
LYC_ADJ;Lycian
HMD;Homonadia
HMD_ADJ;Homonadian
SMS;Sesamos
SMS_ADJ;Sesamian
TIE;Tieion
TIE_ADJ;Tieian
PPH;Pamphylia
PPH_ADJ;Pamphylian
ISU;Isauria
ISU_ADJ;Isaurian
LAR;Larandia
LAR_ADJ;Larandian
MYD;Mariandynia
MYD_ADJ;Mariandynian
AKY;Arykandia
AKY_ADJ;Arykandian
ORO;Oroandia
ORO_ADJ;Oroandian
ABL;Ambladia
ABL_ADJ;Ambladian
ISI;Isindia
ISI_ADJ;Isindian
LAL;Lalasia
LAL_ADJ;Lalasian
KEN;Kennataia
KEN_ADJ;Kennataian
OEO;Oinoandia
OEO_ADJ;Oinoandian
KIB;Kibyratia
KIB_ADJ;Kibyratian
OML;Ormelia
OML_ADJ;Ormelian
TYM;Tymandia
TYM_ADJ;Tymandian
KAK;Kaukonia
KAK_ADJ;Kaukonian
OBE;Olbe
OBE_ADJ;Olbian
IBA;Ibasim
IBA_ADJ;Ibasian
PERMINUNDIA;Perminundia
PERMINUNDIA_ADJ;Perminundian
MLD;Milyas
MLD_ADJ;Milyadian
PIS;Pisidia
PIS_ADJ;Pisidian
CAB;Cabalis
CAB_ADJ;Cabalian
LYD;Lydia
LYD_ADJ;Lydian
SOLOI;Soloi
SOLOI_ADJ;Solian
;
#NewAfrica;
MOY;Syrbotia
MOY_ADJ;Syrbotian
NAS;Nasamonia
NAS_ADJ;Nasamonian
GAR;Garamantia
GAR_ADJ;Garamantic
MHY;Machylia
MHY_ADJ;Machylian
PSY;Psyllia
PSY_ADJ;Psylli
MKA;Makae
MKA_ADJ;Makaean
PHZ;Phazania
PHZ_ADJ;Phazani
GIN;Gindania
GIN_ADJ;Gindanian
GYZ;Gyzantia
GYZ_ADJ;Gyzantian
ATO;Autolalia
ATO_ADJ;Autolalian
CII;Canaria
CII_ADJ;Canarian
MDP;Mahiladvipika
MDP_ADJ;Mahiladvipikan
PRO;Perorsia
PRO_ADJ;Perorsian
NEC;Nectiberia
NEC_ADJ;Nectiberean
LXT;Lixitae
LXT_ADJ;Lixitaean
DPH;Daphnitaea
DPH_ADJ;Daphnitaean
SOC;Socosia
SOC_ADJ;Socosian
MAL;Malao
MAL_ADJ;Malaoite
AMO;Aromatia
AMO_ADJ;Aromatian
MEM;Memnonia
MEM_ADJ;Memnonian
ADA;Adabulia
ADA_ADJ;Adabulian
DAB;Dabelia
DAB_ADJ;Dabelian
CRT;Critensia
CRT_ADJ;Critensian
RHZ;Rhizophagia
RHZ_ADJ;Rhizophagian
DOC;Dochia
DOC_ADJ;Dochian
GYM;Gymnetia
GYM_ADJ;Gymnetian
MDR;Mai Adrasha
MDR_ADJ;Mai Adrashan
ONA;Sembritia
ONA_ADJ;Sembritian
ATG;Athagausia
ATG_ADJ;Athagausian
QOH;Qohaito
QOH_ADJ;Qohaitoan
QAN;Qandala
QAN_ADJ;Qandalan
SHW;Shalcaw
SHW_ADJ;Shalcawi
DIO;Soqotra
DIO_ADJ;Soqotran
DRY;Darayley
DRY_ADJ;Daraayleyan
BER;Berberia
BER_ADJ;Berberian
APC;Apocopa
APC_ADJ;Apocopian
#NewSteppes;
GLO;Gelonia
GLO_ADJ;Gelonian
BDI;Budinia
BDI_ADJ;Budinian
AGA;Agathyrsia
AGA_ADJ;Agathyrsian
HRP;Carpia
HRP_ADJ;Carpian
ALZ;Alizonia
ALZ_ADJ;Alizonian
ARO;Aroteria
ARO_ADJ;Aroterian
NEU;Neuria
NEU_ADJ;Neurian
MLN;Melanchlaenia
MLN_ADJ;Melanchlaenian
BRY;Borysthenia
BRY_ADJ;Borysthenian
GED;Gedrosia
GED_ADJ;Gedrosian
PES;Persis
PES_ADJ;Persian
GAE;Gaetulia
GAE_ADJ;Gaetulian
CPA;Capariensia
CPA_ADJ;Capariensian
ABA;Abannaea
ABA_ADJ;Abannaean
CET;Cetiania
CET_ADJ;Cetianian
#Barbarians-Palando;
AUA;Aestia
X01;Chattia
X02;Suardonia
X03;Nuithonia
X04;Charudia
X05;Firaesia
X06;Favonia
X07;Tectosagia
X08;Tolistobogia
X09;Trocmia
X10;Biephia
X11;Anartia
X12;Celegeria
X13;Timachia
X14;Arabiatia
X15;Andizetia
X16;Amantinia
X17;Cosuanetia
X18;Rucinatia
X19;Alaunia
X20;Laiancia
X21;Ambidravia
X22;Uperacia
X23;Segestania´
X24;Batavia
X25;Chamavia
X26;Ampsivaria
X27;Manimia
X28;Haria
X29;Helisia
X30;Naharvalia
X31;Hermunduria
X32;Teuria
X33;Quadia
X34;Vangionia
X35;Ubia
X36;Usipetia
X37;Tencteria
X38;Sugambria
X39;Bructeria
X40;Helveconia
X41;Caerosia
X42;Segnia
X43;Condrusia
X44;Paemania
X45;Leunia
X46;Francia
X47;Tibulatia
X48;Coracensia
X49;Luguidonensia
X50;Celesitania
X51;Rubrinsia
X52;Iazygia
X53;Roxolania
X54;Aorsia
X55;Nagnatia
X56;Auteinia
X57;Gangania
X58;Monapia
X59;Costobocia
X60;Veltia
X61;Osia
;
;
;
AUA_ADJ;Aestian
X01_ADJ;Chattian
X02_ADJ;Suardonian
X03_ADJ;Nuithonian
X04_ADJ;Charudian
X05_ADJ;Firaesian
X06_ADJ;Favonian
X07_ADJ;Tectosagian
X08_ADJ;Tolistobogian
X09_ADJ;Trocmian
X10_ADJ;Biephian
X11_ADJ;Anartian
X12_ADJ;Celegerian
X13_ADJ;Timachian
X14_ADJ;Arabiatian
X15_ADJ;Andizetian
X16_ADJ;Amantinian
X17_ADJ;Cosuanetian
X18_ADJ;Rucinatian
X19_ADJ;Alaunian
X20_ADJ;Laiancian
X21_ADJ;Ambidravian
X22_ADJ;Uperacian
X23_ADJ;Segestanian
X24_ADJ;Batavian
X25_ADJ;Chamavian
X26_ADJ;Ampsivarian
X27_ADJ;Manimian
X28_ADJ;Harian
X29_ADJ;Helisian
X30_ADJ;Naharvalian
X31_ADJ;Hermundurian
X32_ADJ;Teurian
X33_ADJ;Quadian
X34_ADJ;Vangionian
X35_ADJ;Ubian
X36_ADJ;Usipetian
X37_ADJ;Tencterian
X38_ADJ;Sugambrian
X39_ADJ;Bructerian
X40_ADJ;Helveconian
X41_ADJ;Caerosian
X42_ADJ;Segnian
X43_ADJ;Condrusian
X44_ADJ;Paemanian
X45_ADJ;Leunian
X46_ADJ;Frankish
X47_ADJ;Tibulatian
X48_ADJ;Coracensian
X49_ADJ;Luguidonensian
X50_ADJ;Celesitanian
X51_ADJ;Rubrinsian
X52_ADJ;Iazygian
X53_ADJ;Roxolanian
X54_ADJ;Aorsian
X55_ADJ;Nagnatian
X56_ADJ;Auteinian
X57_ADJ;Ganganian
X58_ADJ;Monapian
X59_ADJ;Costobocian
X60_ADJ;Veltian
X61_ADJ;Osian
;
"#From""Replace""Folder";
LYSIMACHID_KINGDOM;Lysimachid Kingdom
LYSIMACHID_EMPIRE;Lysimachid Empire
LYSIMACHID_ADJ;Lysimachid
ANTIPATRID_KINGDOM;Antipatrid Kingdom
ANTIPATRID_EMPIRE;Antipatrid Empire
ANTIPATRID_ADJ;Antipatrid
PTOLEMAIC_EMPIRE;Ptolemaic Empire
SELEUKID_EMPIRE;Seleukid Empire
ANTIGONID_EMPIRE;Antigonid Empire
BOSPORAN_EMPIRE;Bosporan Empire
THRACIAN_EMPIRE;Thracian Empire
EGYPTIAN_EMPIRE;Egyptian Empire
MACEDON_EMPIRE;Macedonian Empire
MACEDONIAN_EMPIRE;Macedonian Empire
PERSIAN_KINGDOM;Persian Kingdom
MESOPOTAMIAN_KINGDOM;Mesopotamian Kingdom
MEDIAN_KINGDOM;Median Kingdom
ARANIAN_KINGDOM;Aranian Kingdom
GEDROSIAN_KINGDOM;Gedrosian Kingdom
CAPPADOCIAN_KINGDOM;Cappadocian Kingdom
ASSYRIAN_KINGDOM;Assyrian Kingdom
SYRIAN_KINGDOM;Syrian Kingdom
PALESTINE_KINGDOM;Palestinian Kingdom
MADHYADESAN_KINGDOM;Madhyadesan Kingdom
GANDARAN_KINGDOM;Gandaran Kingdom
MARU_KINGDOM;Maru Kingdom
AVANTI_KINGDOM;Avanti Kingdom
APARANTAN_KINGDOM;Aparantan Kingdom
KARNATAN_KINGDOM;Karnatan Kingdom
DRAVIDIAN_KINGDOM;Dravidian Kingdom
VINDHYAPRSTHAN_KINGDOM;Vindhyaprsthan Kingdom
PRACYAN_KINGDOM;Pracyan Kingdom
BITHYNIAN_KINGDOM;Bithynian Kingdom
PHRYGIAN_KINGDOM;Phrygian Kingdom
CILICIAN_KINGDOM;Cilician Kingdom
ASIAN_KINGDOM;Asian Kingdom
;
#OldRhodesTerritory;
KAO;Kaounos
KAO_ADJ;Kaounosian
PYK;Physkos
PYK_ADJ;Physkosi
;
#IonianLeague;
#decision;
formable_not_ionian_league_exists;#Y Ionian League#! must NOT exist
form_ionian_league;Form The Pan-Ionian League
form_ionian_league_desc;When the Persians were upon us, the proud Ionians and Aegeans banded together to resist them. The time has come once again for the bonds to brotherhood to be reforged in the face of new dangers. A new league of independent city states on the coast of Asia will allow us to better repel barbarians and the Hellenistic Kings!
IOU_FORMABLE_NAME;Panionian League
IOU_FORMABLE_ADJ;Ionian
IOU;Panionian League
IOU_ADJ;Pan-Ionian
;
form_ionian_league_claims_tooltip;We will gain claims over all of the coastal provinces of the #Y Asia#! region.
;
#AchaeanLeague;
#decision;
formable_not_achaean_league_exists;#Y Achaean League#! must NOT exist
form_achaean_league;Form The Achaean League
form_achaean_league_desc;Flavor text needed
ACL_FORMABLE_NAME;Achaean League
ACL_FORMABLE_ADJ;Achaean
ACL;Achaean League
ACL_ADJ;Achaean
;
form_achaean_league_claims_tooltip;We will gain claims the provinces of #Y Achaea#! and #Y Arcadia#!.
;
#Cyrenaica-Libya;
libya_name;Libu
libya_adj;Libyan
;
;
#NewTarim;
YMI;Yumi
YMI_ADJ;Yumi
JJE;Jingjue
JJE_ADJ;Jingjue
QIM;Qiemo
QIM_ADJ;Qiemo
WTO;Weitou
WTO_ADJ;Weitou
GMO;Gumo
GMO_ADJ;Gumo
XIW;Xiaowan
XIW_ADJ;Xiaowan
;
#NewBurma;
NYA;Nyaunggan
NYA_ADJ;Nyaunggan
BNN;Beinnaka
BNN_ADJ;Beinnakan
TTM;Taungthaman
TTM_ADJ;Taungthaman
YHK;Ywa Htin Kon
YHK_ADJ;Ywa Htin Kon
HWK;Hnaw Kan
HWK_ADJ;Hnaw Kan
BKT;Beikthano
BKT_ADJ;Beikthanoan
AKN;Arakan
AKN_ADJ;Arakan
TGU;Tagaung
TGU_ADJ;Tagaung
HAL;Halin
HAL_ADJ;Halin
FGD;Fugandulu
FGD_ADJ;Fugandulu
SHN;Shan
SHN_ADJ;Shan
;
#unusedtags;
OSR;Osroene
OSR_ADJ;Osroenian
SOP;Sophene
SOP_ADJ;Sophenian
LOL;Loulan
LOL_ADJ;Loulan
LIX;Lixus
LIX_ADJ;Lixan
KUS;Kuass
KUS_ADJ;Kuassan
RSS;Rusaddir
RSS_ADJ;Rusaddiran
THA;Thamusida
THA_ADJ;Thamusidan
AGG;Aggadir
AGG_ADJ;Aggadiran
MGD;Arambys
MGD_ADJ;Aramban
ASA;Hastaia
ASA_ADJ;Hastan
CIP;Acinippaia
CIP_ADJ;Acinippan
COD;Kartubaia
COD_ADJ;Kartuban
CRM;Karmoia
CRM_ADJ;Karmoan
ONU;Onubaia
ONU_ADJ;Onuban
ORP;Orippaia
ORP_ADJ;Orippoan
LSC;Lascutaia
LSC_ADJ;Lascutan
USO;Ursoia
SO_ADJ;Ursoan
ISR;Israel
ISR_ADJ;Israeli
